{
  "project_info": {
    "project_number": "170560640499",
    "project_id": "lab5-d371b",
    "storage_bucket": "lab5-d371b.appspot.com"
  },
  "client": [
    {
      "client_info": {
        "mobilesdk_app_id": "1:170560640499:android:51334c263756cfe61b6e86",
        "android_client_info": {
          "package_name": "com.example.listycity5"
        }
      },
      "oauth_client": [],
      "api_key": [
        {
          "current_key": "AIzaSyCfHAp-fLOpHA6K20Np1j_AgpoFFcjSJL8"
        }
      ],
      "services": {
        "appinvite_service": {
          "other_platform_oauth_client": []
        }
      }
    }
  ],
  "configuration_version": "1"
}